accuracy,recall,precision
0.8642363293526084,0.8492753623188406,0.839541547277937
0.8724072910119421,0.8797101449275362,0.8349381017881705
0.8742928975487115,0.8661971830985915,0.8541666666666666
0.8843494657448145,0.8619246861924686,0.8790896159317212
0.9000628535512256,0.8677563150074294,0.8929663608562691
0.8988057825267127,0.871447902571042,0.9070422535211268
0.9113764927718416,0.8715083798882681,0.9271916790490342
